Total Number of Aligned Reads:	13	Total Number of Mapped Genomes:	30
Genome	Final Guess	Final Best Hit	Final Best Hit Read Numbers	Final High Confidence Hits	Final Low Confidence Hits	Initial Guess	Initial Best Hit	Initial Best Hit Read Numbers	Initial High Confidence Hits	Initial Low Confidence Hits
ti|129526|org|HERV-H/env60	0.49011622181002873	0.07692307692307693	1.0	0.07692307692307693	0.0	0.39305451579896333	0.07692307692307693	1.0	0.07692307692307693	0.0
ti|11824|org|Gardner-Arnstein_feline_leukemia_oncovirus_B	0.49011622181002873	0.07692307692307693	1.0	0.07692307692307693	0.0	0.4864758624914258	0.07692307692307693	1.0	0.07692307692307693	0.0
ti|11099|org|Bovine_viral_diarrhea_virus_1	0.01566664021283238	0.23076923076923078	3.0	0.23076923076923078	0.0	0.015505433083053945	0.23076923076923078	3.0	0.23076923076923078	0.0
ti|56865|org|Human_endogenous_retrovirus_HML6	0.003645101226851205	0.15384615384615385	2.0	0.15384615384615385	0.0	0.0027304642438393464	0.11538461538461539	1.5	0.15384615384615385	0.0
ti|43130|org|Onion_yellow_dwarf_virus	0.00022365174607438988	0.07692307692307693	1.0	0.07692307692307693	0.0	6.684114262879825e-05	0.07692307692307693	1.0	0.0	0.07692307692307693
ti|39640|org|Cotesia_congregata_bracovirus	0.00022365174607438988	0.07692307692307693	1.0	0.07692307692307693	0.0	0.00022365174607438988	0.07692307692307693	1.0	0.07692307692307693	0.0
ti|36452|org|Stealth_virus_1	3.4699459724051553e-06	0.15384615384615385	2.0	0.15384615384615385	0.0	3.4699459724051553e-06	0.15384615384615385	2.0	0.15384615384615385	0.0
ti|12104|org|Encephalomyocarditis_virus	3.3678883352647314e-06	0.07692307692307693	1.0	0.07692307692307693	0.0	3.1298942258172055e-06	0.07692307692307693	1.0	0.07692307692307693	0.0
ti|333760|org|Human_papillomavirus_type_16	1.673613802284121e-06	0.07692307692307693	1.0	0.07692307692307693	0.0	1.673613802284121e-06	0.07692307692307693	1.0	0.07692307692307693	0.0
